{"0": {"0": {"0": -228, "1": -90, "4": 38, "5": 2, "2": 3, "6": 79, "3": 54}, "-2": {"4": 63, "1": 487, "3": 501, "6": -7, "2": 128, "5": -416.0, "7": 52, "0": 261, "8": 51}, "-8": {"3": 1794.75, "4": 283, "6": -561.0, "5": 141, "2": 206.0, "1": 3069, "8": 63, "0": 122, "7": 12}, "-11": {"4": 56, "2": 66, "3": 72, "1": 39, "0": 56, "6": 10, "8": 78, "5": 74, "7": 56}, "-15": {"3": 34, "0": 38, "1": 62, "6": 54, "4": 29, "2": -699.25, "5": 53, "7": 58, "8": 63}, "-24": {"1": 48, "2": 29, "4": 4, "3": 43, "0": 54, "8": 21, "5": 45, "6": 76, "7": 71}, "-27": {"2": 46, "5": 52, "6": 79, "1": 7, "4": 50, "3": -423.0, "0": 48, "7": 33, "8": 95}, "-29": {"0": 77, "4": 40, "7": 41, "1": 30, "5": 54, "2": 39, "3": 32, "6": 10, "8": 60}, "-33": {"2": 58, "1": -489.75, "5": 45, "4": 7, "3": 60, "6": 16, "8": 81, "0": 42, "7": 37}, "-35": {"1": 35, "3": 3, "5": 17, "2": 10, "4": 48, "8": 53, "6": 25, "7": 74, "0": 41}, "-42": {"4": 14, "3": 9, "0": 27, "1": 66, "7": 61, "2": 55, "5": 80, "6": 37, "8": 38}, "-47": {"4": 1, "2": 5, "5": 62, "1": 41, "3": 44, "0": 23}, "-49": {"3": 29, "4": 76, "1": 54, "0": 12, "5": 89, "2": 43}, "9": {"3": 34, "5": 80, "1": 46, "0": 66, "4": 60, "2": 53, "7": 64, "6": 48}, "7": {"7": 6, "2": 70, "5": 14, "4": 60, "3": 35, "1": 75, "6": 67, "0": 81}, "-6": {"0": 626, "5": 79, "6": 2, "4": 1448, "2": 50, "1": -85, "7": 340, "8": 58, "3": 1103.5}, "-16": {"4": 14, "3": 56, "1": -440.0, "2": 61, "7": 56, "6": 58, "0": 48, "5": 72, "8": 2, "9": 8}, "-18": {"1": 42, "2": -406.0, "6": 57, "3": -431.0, "5": 17, "4": -436.0, "0": 61, "7": 49, "8": 23}, "-21": {"3": 21, "5": -520.75, "1": 54, "4": 49, "2": -471.0, "0": 48, "7": 40, "6": 13, "8": 52}, "-25": {"5": 21, "3": -407.0, "4": 48, "2": 69, "1": 53, "0": 51, "7": -409.0, "6": 67, "8": 47}, "-38": {"0": 71, "3": -438.5, "4": 37, "1": 49, "5": -496.5, "2": 38, "6": 60, "7": 46, "8": 43}, "-40": {"6": 34, "3": 54, "7": 16, "1": 32, "0": 65, "4": 16, "5": 58, "2": -406.25, "8": 11}, "-7": {"0": -631.9999999999998, "5": 24, "1": 2133, "4": 134.75, "2": 1069.75, "3": 2753, "7": -437.75000000000006, "8": 32, "6": 112, "9": 96}, "-12": {"2": -413.0, "3": -453.75000000000006, "1": 40, "4": 62, "5": 43, "0": 45, "6": 64, "7": -431.0, "8": -502.2499999999999}, "-19": {"3": 17, "2": -796.5, "1": 8, "4": 44, "5": 47, "0": 21, "7": 4, "6": 18, "8": 62}, "-22": {"0": 34, "3": 27, "4": 51, "5": -620.5, "2": 58, "7": 60, "1": 54, "6": 16, "8": 8}, "-28": {"1": 63, "3": -432.0, "6": 30, "5": 64, "4": -1794.75, "2": -401.0, "0": 71, "7": -434.25, "8": 79}, "-32": {"2": 61, "3": -629.25, "7": 76, "4": -458.0, "1": -508.5, "5": 41, "6": 2, "0": 30, "8": 45}, "-3": {"0": 489, "1": -952.25, "4": 378, "5": -1, "6": 6, "2": -260.5, "3": 108, "8": 17, "7": 28}, "-5": {"1": 248, "2": 47, "5": 85, "4": 71, "3": 37, "7": 28, "8": 33, "0": 51, "6": 15}, "-9": {"3": 61, "2": -446.25, "0": 52, "1": 77, "5": 11, "4": -985.7499999999998, "6": 60, "8": 42, "7": 89}, "-30": {"2": 57, "1": 49, "5": 72, "6": 9, "4": -420.0, "7": 44, "3": 60, "0": 32, "8": 62}, "-34": {"1": 50, "0": 59, "3": 51, "2": 65, "4": -520.25, "5": 57, "6": 85, "7": 11, "8": 10}, "-36": {"2": 58, "4": 37, "0": 61, "8": 29, "1": 0, "3": 53, "5": 73, "6": 31, "7": 16}, "-41": {"5": 15, "2": 56, "4": 65, "3": 7, "1": 17, "8": 49, "7": 72, "0": 79, "6": 61}, "-46": {"4": 4, "2": 78, "7": 14, "6": 72, "1": 58, "0": 11, "3": 0, "8": 85, "5": 39}, "-48": {"4": 69, "3": 69, "1": -603.5, "2": 7, "0": 11, "6": 91, "5": 77}, "6": {"1": -37, "2": 16, "4": 68, "0": 14, "5": 4, "6": 31, "3": 9, "7": 76, "8": 83}, "3": {"1": 70, "6": 6, "5": 189, "0": -35, "4": -1, "3": 287, "2": -292, "8": 64, "7": 50}, "-10": {"3": 60, "0": 15, "2": 58, "1": 42, "4": -489.25, "5": -482.75, "6": 29, "7": 77, "8": 61}, "13": {"3": 72, "5": 31, "1": 22, "6": 25, "0": 26, "2": 90, "4": 30, "7": 27, "8": 68}, "10": {"3": 76, "1": 11, "0": 8, "7": 66, "4": 76, "5": 39, "2": 23, "8": 22, "6": 74}, "4": {"6": 47, "5": 11, "0": -17, "2": -402.5, "1": 3, "8": 43, "3": -4, "4": 29, "7": 98}, "2": {"0": -26, "5": 39, "1": 14, "3": 50, "4": 0, "2": 13, "6": 45}, "-17": {"6": 44, "2": -423.0, "3": 0, "1": 27, "0": 68, "4": 53, "5": 60, "8": 85, "7": 82}, "12": {"3": 37, "0": 3, "2": 103, "4": 5, "1": 55, "7": 15, "8": 14, "6": 74, "5": 51, "9": 57}, "8": {"3": 33, "4": 210, "6": 14, "5": 29, "0": 59, "1": 46, "8": -428.0, "2": 31, "7": 108}, "-4": {"5": 719, "6": -1, "4": -31, "0": -417.25, "2": 678, "3": 53, "7": 112, "1": 1269, "8": 41}, "-13": {"0": 10, "7": -437.0, "1": 38, "3": 40, "8": 43, "4": 21, "2": -403.0, "5": 72, "6": 69}, "-37": {"0": 51, "7": 57, "2": 52, "4": -403.0, "3": 29, "6": 12, "5": 5, "1": 22, "8": 81}, "20": {"1": 80, "5": 1, "2": 4, "3": 11, "4": 84, "6": 19, "0": 51, "8": 81}, "16": {"1": 54, "2": 45, "5": 15, "3": 65, "4": 59, "0": 2, "6": 74, "7": 27, "8": 21, "9": 69}, "14": {"2": 629.4999999999999, "0": 72, "5": 80, "3": 22, "4": 40, "1": 76, "7": 86, "6": 47, "8": 70}, "11": {"2": 77, "3": 10, "4": 45, "1": 51, "5": 2, "0": 27, "6": 7, "7": 75, "8": 1}, "1": {"1": -17, "5": 63, "4": 20, "8": 90, "3": 49}, "-14": {"1": -414.0, "2": 45, "3": -412.0, "4": 3, "5": 35, "0": 80, "6": 60, "8": 85, "7": 94}, "-26": {"4": 1, "7": 33, "2": 54, "5": 66, "1": 43, "0": 69, "6": 29, "3": -410.0, "8": 34}, "-52": {"3": 77, "4": 32, "6": 84, "1": 53, "2": 63}, "-20": {"1": 33, "5": 26, "6": 7, "0": 7, "3": 23, "4": -418.0, "2": 30, "8": 8, "7": 44}, "-39": {"7": 5, "1": 1, "0": 15, "5": 69, "6": 44, "4": 12, "3": -421.49999999999994, "2": 40, "8": 41}, "19": {"2": 63, "4": 68, "1": 63, "6": 84, "5": 44, "3": 67, "7": 77, "0": 78}, "-23": {"5": 22, "7": 67, "1": 55, "4": 32, "0": 62, "3": 33, "8": 41, "2": 51, "6": 30}, "-45": {"2": -430.0, "3": 59, "4": 2, "1": 45, "5": 22, "6": -923.2500000000001, "0": -411.0, "8": 46}, "17": {"6": -531.0, "0": 45, "2": 70, "1": 89, "3": -760.4999999999999, "7": 51, "4": 49, "8": 14, "5": 39}, "-31": {"3": 54, "1": 53, "2": 70, "0": 44, "4": 2, "5": 24, "6": 54, "7": 42, "8": 53}, "5": {"6": 40, "3": 629, "1": 30, "2": 53, "0": 58, "7": 57, "4": 525, "5": 66, "8": 2}, "15": {"1": 66, "0": 3, "4": -497.5, "3": -451.0, "2": 53, "5": 70, "6": 30, "7": 60}, "-44": {"3": 46, "1": 26, "4": 18, "7": 81, "6": 48, "2": 18, "0": 58, "5": 36}, "18": {"4": 46, "1": 72, "2": 73, "7": 11, "8": 10, "3": 60, "0": 80, "5": 30, "6": 42}, "-50": {"6": 41, "1": 36, "3": 26, "0": 94}, "-53": {"1": 14, "4": 9, "3": 44, "6": 70, "5": 44}, "-43": {"2": 60, "3": 50, "8": 54, "0": 56, "4": 57, "1": 26, "5": 1, "6": 48}, "21": {"2": 66, "1": 79, "4": 35, "5": 70, "7": 97, "6": 19, "0": 68, "3": 32}, "22": {"3": 79, "2": 64, "1": -718.25, "4": -560.5, "0": 54, "6": 68}, "-51": {"2": 87, "1": 51, "0": 91, "4": 32, "6": 33}, "-1": {"1": -17, "7": 73, "5": 92, "2": 26, "6": 67, "0": 4, "3": 44, "4": 33}, "-54": {"1": 64, "3": 94}, "23": {"5": 82, "4": 10, "1": 8, "2": 7}}, "1": {"-5": {"2": 66, "1": 46, "3": 54, "0": 57, "8": 76, "4": 35, "7": 51, "6": 92}, "-19": {"3": 35, "1": 75, "2": 53, "8": 77, "4": 86, "0": 68, "5": 60, "6": 71}, "-37": {"4": 65, "3": 7, "0": 68, "2": 48, "1": 44, "7": 28, "5": 64, "6": 88}, "3": {"5": 43, "2": 68, "0": 74, "4": 74, "3": 34, "7": 35, "1": 8, "6": 14}, "-11": {"0": 76, "8": 59, "1": 20, "2": 26, "6": 44, "3": 21, "5": 56, "4": 28}, "-29": {"1": -798.25, "3": 32, "6": 45, "4": 10, "5": -412.0, "2": 92, "0": 82, "7": 46}, "-54": {"1": 75}, "-45": {"3": 7, "2": 75, "4": 20, "0": 3}, "-42": {"3": 88, "2": 53, "4": 94, "1": 62}, "-35": {"2": 7, "3": 41, "4": 2, "1": 23, "6": 58}, "-24": {"2": 36, "3": 55, "0": 43, "6": 12, "1": 96, "4": -601.0, "8": 82, "5": 33}, "-17": {"2": 80, "1": 16, "4": 26, "5": 61, "3": 39, "0": 54, "7": 21, "6": 89}, "-49": {"1": 45, "0": 9}, "-10": {"2": -407.0, "1": 62, "4": 34, "8": 67, "5": 57, "6": 25, "3": -448.25}, "-44": {"1": 1, "3": 1, "8": 37, "2": 64}, "-16": {"0": 77, "4": 5, "5": 56, "1": 77, "2": 73, "3": 24, "6": 78, "8": 75}, "-32": {"3": 38, "2": 70, "5": 77, "0": 43, "1": -973.0, "4": 5,